Workbook

Sheet Resumen
A1: Auditoría CNC XYZW V5 - Resumen ejecutivo
A2: Fuente: CNC_V5.ino (2119 líneas) y CNC_V5.py (2851 líneas), comparados con V4 (firmware) y V3 (cliente). Análisis estático, sin pruebas en hardware.
A4: Indicador | B4: V2 | C4: V3 | D4: V4 | E4: V5
A5: Puntaje global (/10) | B5: =Scoring!C14 -> 4.7 | C5: =Scoring!D14 -> 5.15 | D5: =Scoring!E14 -> 5.71 | E5: =Scoring!F14 -> 6.325
A6: Puntaje sobre 100 | B6: =Scoring!C15 -> 47 | C6: =Scoring!D15 -> 51.5 | D6: =Scoring!E15 -> 57.1 | E6: =Scoring!F15 -> 63.25
A7: Clasificación | B7: =Scoring!C16 -> Prototipo funcional | C7: =Scoring!D16 -> Prototipo funcional | D7: =Scoring!E16 -> Prototipo funcional | E7: =Scoring!F16 -> Prototipo funcional
A9: Defectos de V5 | B9: Cantidad | D9: Evolución de los 29 defectos de V4 | E9: Cantidad
A10: Críticos | B10: =COUNTIF('Defectos V5'!$B$5:$B$26,"Crítico") -> 2 | D10: Resuelto | E10: =COUNTIF('Evolución V4-V5'!$C$5:$C$33,D10) -> 12
A11: Altos | B11: =COUNTIF('Defectos V5'!$B$5:$B$26,"Alto") -> 5 | D11: Parcial | E11: =COUNTIF('Evolución V4-V5'!$C$5:$C$33,D11) -> 11
A12: Medios | B12: =COUNTIF('Defectos V5'!$B$5:$B$26,"Medio") -> 15 | D12: Abierto | E12: =COUNTIF('Evolución V4-V5'!$C$5:$C$33,D12) -> 6
A13: Total | B13: =SUM(B10:B12) -> 22 | D13: Total | E13: =SUM(E10:E12) -> 29
A14: Nuevos en V5 | B14: =COUNTIF('Defectos V5'!$C$5:$C$26,"Nuevo*") -> 6 | D14: % resuelto | E14: =IF(E13=0,0,E10/E13) -> 0.4137931
A15: Resueltos o descartados | B15: =COUNTIF('Defectos V5'!$H$5:$H$26,"Resuelto")+COUNTIF('Defectos V5'!$H$5:$H$26,"Descartado") -> 0 | D15: Puntos a Beta (65) | E15: =MAX(0,65-Scoring!F15) -> 1.75
A16: Avance de remediación | B16: =IF(B13=0,0,B15/B13) -> 0
A18: Veredicto
A19: La V5 es la versión con mejor arquitectura y funcionalidad hasta ahora, pero sigue sin ser apta para operar sin supervisión por dos regresiones de arreglo corto: N19 (movimientos que se descartan en silencio tras un stop) y N20 (E-stop con polaridad invertida). Con N19 a N22 corregidos, el puntaje estimado supera 7.
A24: Contenido del libro
A25: Scoring: notas V2 a V5 editables, deltas, totales y clasificación recalculados
A26: Defectos V5: 22 hallazgos con origen, severidad, corrección y estado
A27: Evolución V4-V5: estado de los 29 defectos de la V4
A28: Virtudes
A29: Comparación con GRBL, grblHAL, FluidNC, Marlin y LinuxCNC
A30: Hoja de ruta: avance calculado desde Defectos V5
A32: Colores: azul = dato editable; negro = fórmula; verde = vínculo a otra hoja.

Sheet Scoring
A1: Scoring ponderado - CNC XYZW V5 (ESP32 + PySide6)
A2: Pesos y notas (azul) son juicio del auditor y editables; totales, deltas y clasificación se recalculan. Nota 0-10.
A4: Categoría | B4: Peso | C4: V2 | D4: V3 | E4: V4 | F4: V5 | G4: Delta V5-V4 | H4: Ponderado V5 | I4: Justificación V5
A5: Arquitectura / tiempo real | B5: 0.15 | C5: 6.5 | D5: 7 | E5: 7.5 | F5: 8 | G5: =F5-E5 -> 0.5 | H5: =B5*F5 -> 1.2 | I5: Mutex consistente, stopEpoch, extracción atómica de la cola, tarea de motores con prioridad 5.
A6: Control de movimiento | B6: 0.2 | C6: 4.5 | D6: 5 | E6: 5.8 | F6: 6.2 | G6: =F6-E6 -> 0.4 | H6: =B6*F6 -> 1.24 | I6: Look-ahead y límite de velocidad por eje; la aceleración no gobierna la rampa y N19 descarta bloques tras un stop.
A7: Seguridad funcional | B7: 0.2 | C7: 3.5 | D7: 4.5 | E7: 5.5 | F7: 5.8 | G7: =F7-E7 -> 0.3 | H7: =B7*F7 -> 1.16 | I7: E-stop físico con ISR, pero con polaridad invertida (N20); N12 sin resolver.
A8: Compatibilidad G-code | B8: 0.1 | C8: 3 | D8: 4 | E8: 5 | F8: 6.5 | G8: =F8-E8 -> 1.5 | H8: =B8*F8 -> 0.65 | I8: Arcos I/J, G4, G28, comentarios; sin control de flujo diferido (N22).
A9: Robustez del software | B9: 0.1 | C9: 4.5 | D9: 5 | E9: 5.5 | F9: 5.5 | G9: =F9-E9 -> 0 | H9: =B9*F9 -> 0.55 | I9: Mejoras compensadas por N19, N21 y N22.
A10: Ciberseguridad / red | B10: 0.05 | C10: 3 | D10: 3 | E10: 3 | F10: 5 | G10: =F10-E10 -> 2 | H10: =B10*F10 -> 0.25 | I10: Token opcional, desactivado por defecto, en claro y sin límite de intentos.
A11: UX / herramientas (visión, calibración) | B11: 0.1 | C11: 7.5 | D11: 7 | E11: 6.5 | F11: 7.5 | G11: =F11-E11 -> 1 | H11: =B11*F11 -> 0.75 | I11: Cargador G-code, reconexión, E-stop con ACK, cámara en hilo propio.
A12: Mantenibilidad | B12: 0.05 | C12: 4 | D12: 4 | E12: 4 | F12: 4.5 | G12: =F12-E12 -> 0.5 | H12: =B12*F12 -> 0.225 | I12: Versión de firmware visible; siguen los monolitos sin tests.
A13: Precisión / calibración | B13: 0.05 | C13: 5.5 | D13: 5 | E13: 5.5 | F13: 6 | G13: =F13-E13 -> 0.5 | H13: =B13*F13 -> 0.3 | I13: Backlash, umbral de calibración y recorrido separado; lazo abierto.
A14: TOTAL (/10) | B14: =SUM(B5:B13) -> 1 | C14: =IF($B14=0,0,SUMPRODUCT($B5:$B13,C5:C13)/$B14) -> 4.7 | D14: =IF($B14=0,0,SUMPRODUCT($B5:$B13,D5:D13)/$B14) -> 5.15 | E14: =IF($B14=0,0,SUMPRODUCT($B5:$B13,E5:E13)/$B14) -> 5.71 | F14: =IF($B14=0,0,SUMPRODUCT($B5:$B13,F5:F13)/$B14) -> 6.325 | G14: =F14-E14 -> 0.615 | H14: =SUM(H5:H13) -> 6.325 | I14: =IF(ROUND(B14,4)=1,"Pesos OK (suman 100%)","REVISAR: los pesos no suman 100%") -> Pesos OK (suman 100%)
A15: Puntaje sobre 100 | C15: =C14*10 -> 47 | D15: =D14*10 -> 51.5 | E15: =E14*10 -> 57.1 | F15: =F14*10 -> 63.25
A16: Clasificación | C16: =IF(C15>=80,"Producción",IF(C15>=65,"Beta avanzada",IF(C15>=40,"Prototipo funcional","Experimental"))) -> Prototipo funcional | D16: =IF(D15>=80,"Producción",IF(D15>=65,"Beta avanzada",IF(D15>=40,"Prototipo funcional","Experimental"))) -> Prototipo funcional | E16: =IF(E15>=80,"Producción",IF(E15>=65,"Beta avanzada",IF(E15>=40,"Prototipo funcional","Experimental"))) -> Prototipo funcional | F16: =IF(F15>=80,"Producción",IF(F15>=65,"Beta avanzada",IF(F15>=40,"Prototipo funcional","Experimental"))) -> Prototipo funcional
A17: Umbrales: >=80 Producción, >=65 Beta avanzada, >=40 Prototipo funcional, <40 Experimental (criterio del auditor).
A18: Puntos para llegar a Beta avanzada (65): | F18: =MAX(0,65-F15) -> 1.75

Sheet Defectos V5
A1: Registro de defectos - V5
A2: Lectura estática; N19, N20 y N21 verificados con grep sobre el código. Estado y Responsable son para completar.
A4: ID | B4: Severidad | C4: Origen | D4: Área | E4: Problema | F4: Corrección propuesta | G4: Paso hoja de ruta | H4: Estado | I4: Responsable
A5: N19 | B5: Crítico | C5: Nuevo en V5 (regresión) | D5: Firmware - movimiento | E5: manualStop queda en true tras cualquier stop: stopAllMotion() lo activa y executeBlock ya no lo borra. Solo se limpia al aceptar home_axis o move_axis_abs/rel. executeBlock lo revisa en el primer paso, así que tras '!', 0x18, timeout o E-stop físico todo bloque de la cola (G-code, move_multi_abs, $J) aborta en silencio aunque el firmware ya respondió ok. El secuenciador lo toma como fin de movimiento y avanza; en una secuencia mixta solo se ejecutan los movimientos de un eje. | F5: Dejar de usar manualStop en executeBlock y confiar solo en stopEpoch, o limpiarlo al aceptar cada movimiento encolado. | G5: 1 | H5: Pendiente
A6: N20 | B6: Crítico | C6: Nuevo en V5 | D6: Seguridad - E-stop físico | E6: Polaridad invertida. El encabezado documenta botón NC a GND con INPUT_PULLUP, pero el código trata LOW como pulsado y usa FALLING. Cableado como se documenta, el reposo es LOW: arranca bloqueado y nunca habilita. Cableado NO para que funcione, un cable cortado no se detecta y deja de ser fail-safe. | F6: Con NC a GND el estado activo es HIGH: usar RISING y cambiar los tres == LOW y el chequeo de arranque. Verificar el cableado real. | G6: 2 | H6: Pendiente
A7: N12 | B7: Alto | C7: Heredado V4 (abierto) | D7: Firmware - ALARM | E7: Recuperarse de una ALARM reanuda estado obsoleto. $X y enable_actuators no vacían la cola. La tarea de motores no atiende nada en ALARM, por lo que las solicitudes pendientes de home_axis o move_axis_* se ejecutan al desbloquear: un fallo en $H seguido de $X puede arrancar el homing de otro eje sin que nadie lo pida. | F7: Vaciar cola, solicitudes pendientes y resincronizar plannedPos en toda salida de ALARM; fallar sin desbloquear si no se logra. | G7: 4 | H7: Pendiente
A8: N13 | B8: Alto | C8: Heredado V4 (abierto) | D8: Firmware - coordenadas | E8: G10, G92 y set_zero_axis fijan el offset con la posición en vivo (ax.pos) y responden ok al instante. Con bloques pendientes, el cero de trabajo queda sobre una posición intermedia. | F8: Definir wco contra plannedPos (final de la cola) o encolarlo como bloque sincronizado. | G8: 4 | H8: Pendiente
A9: N21 | B9: Alto | C9: Nuevo en V5 (regresión) | D9: Cliente / firmware - watchdog | E9: Sin heartbeat en modo compacto (el modo por defecto). El cliente solo inicia el polling en GRBL, así que el GET_STATUS pensado como heartbeat nunca se envía. Cualquier movimiento compacto de más de 3 s dispara Comm Timeout; el firmware lo detiene y el secuenciador lo interpreta como movimiento terminado. | F9: Iniciar un timer de heartbeat en ambos modos (p. ej. cada 500 ms) mientras haya conexión. | G9: 3 | H9: Pendiente
A10: N22 | B10: Alto | C10: Nuevo en V5 | D10: Protocolo / cliente G-code | E10: El cargador de G-code aborta con error:Queue full. Solo los arcos esperan hueco en la cola; los G1 devuelven error con 16 bloques pendientes. El cargador trata cualquier error: como fatal y su parada manda '!', que además deshabilita los drivers. Casi cualquier programa de más de ~16 líneas de movimiento aborta. | F10: Diferir el ok hasta que haya hueco (como GRBL) o reintentar ante Queue full en el cliente; separar DETENER (feed hold) de E-stop. | G10: 3 | H10: Pendiente
A11: C5 | B11: Alto | C11: Heredado V4 (parcial) | D11: Ciberseguridad | E11: Autenticación opcional y desactivada por defecto. El token viaja en claro, sin límite de intentos. Una sesión sin autenticar ocupa el único cupo de conexión. Los senders GRBL estándar no pueden autenticarse cuando está activa. | F11: Token obligatorio, límite de intentos, timeout de sesión sin autenticar y segmentación de red. | G11: 7 | H11: Pendiente
A12: C2r | B12: Medio | C12: Heredado V4 (parcial) | D12: Seguridad | E12: El corte por ISR solo baja ENABLE; el corte de potencia queda como recomendación. Si loop() se bloquea en un cl.print, el stop por software se retrasa. | F12: Cablear el E-stop en serie con la potencia de los drivers; timeouts de escritura TCP. | G12: 2 | H12: Pendiente
A13: N15 | B13: Medio | C13: Heredado V4 (abierto) | D13: Firmware - planificación | E13: Los bloques guardan pasos precomputados y al terminar fuerzan pos = target (ahora solo en ejes con movimiento; sigue ocultando error). move_axis_rel calcula desde la posición en vivo. | F13: Calcular deltas al ejecutar o bloquear movimientos no encolados con la cola no vacía. | G13: Backlog | H13: Pendiente
A14: N16 | B14: Medio | C14: Heredado V4 (abierto) | D14: Cliente / firmware - coordenadas | E14: La telemetría compacta no envía wco: Set Zero no cambia lo que muestra la UI y el modo compacto usa coordenadas de máquina mientras GRBL usa coordenadas de trabajo. | F14: Agregar wco a la telemetría y unificar el sistema de coordenadas de ambos protocolos. | G14: 5 | H14: Pendiente
A15: N17 | B15: Medio | C15: Heredado V4 (abierto) | D15: Firmware - calibración | E15: reset_step_counter pone pos, wco y plannedPos en 0 sin invalidar homed; set_calibration_axis cambia stepsPerMm sin reescalar la posición. | F15: Invalidar homed y exigir re-referenciado tras calibrar. | G15: Backlog | H15: Pendiente
A16: A5 | B16: Medio | C16: Heredado V4 (parcial) | D16: Control de movimiento | E16: Look-ahead incompleto. La aceleración en mm/s² no gobierna la rampa: esta es un porcentaje de los pasos, por lo que con segmentos cortos la aceleración efectiva puede ser decenas de veces la configurada. No hay pasada hacia adelante y la pasada hacia atrás no procesa el par del bloque de cola. El modelo de unión es ad hoc y presenta una discontinuidad cerca de 5.7°. | F16: Rampa derivada de la aceleración real, pasada hacia adelante y junction deviation estándar. | G16: 6 | H16: Pendiente
A17: A1r | B17: Medio | C17: Heredado V4 (parcial) | D17: Firmware - concurrencia | E17: pos, wco y las banderas siguen compartidos sin sincronización. 0x85 resincroniza plannedPos aunque queden bloques que no son de jog. | F17: Proteger el estado compartido y limitar la resincronización a lo que realmente se descartó. | G17: 6 | H17: Pendiente
A18: N6 | B18: Medio | C18: Heredado V4 (parcial) | D18: Firmware - validación | E18: NaN e Inf pasan inLim (no se agregó isfinite) y pueden contaminar plannedPos. | F18: Rechazar valores no finitos en inLim y en el planificador. | G18: 5 | H18: Pendiente
A19: N14 | B19: Medio | C19: Heredado V4 (parcial) | D19: Protocolo GRBL | E19: $J absoluto ignora wco y es inconsistente con G1. | F19: Aplicar wco en $J absoluto. | G19: 5 | H19: Pendiente
A20: N25 | B20: Medio | C20: Nuevo en V5 | D20: G-code / arcos | E20: Los arcos bloquean loop() hasta 5 s por segmento, así que '?' y los comandos compactos quedan sin respuesta. No se verifica el error de radio. Las líneas con N y G53 no se aceptan. | F20: Encolar arcos de forma incremental sin bloquear loop(); validar radio; aceptar N y G53. | G20: 7 | H20: Pendiente
A21: N26 | B21: Medio | C21: Nuevo en V5 | D21: Cliente - jog GRBL | E21: El jog ignora la velocidad configurada (fijo en F600) y satura la cola con un tramo de 2 mm en cada tick del deadman, generando errores repetidos. | F21: Derivar el feed de la velocidad de jog y limitar la profundidad enviada. | G21: Backlog | H21: Pendiente
A22: M2 | B22: Medio | C22: Heredado V4 (parcial) | D22: Temporización | E22: Jitter residual por task-notify y piso de 80 µs. | F22: Generación de pasos por RMT/MCPWM o ISR dedicada. | G22: Backlog | H22: Pendiente
A23: M3 | B23: Medio | C23: Heredado V4 (abierto) | D23: Hardware / GPIO | E23: GPIO34 sin pull-up interno; GPIO4 y GPIO15 de strapping; ENABLE sin pull-up. Quedaron solo documentados. | F23: Pull-ups externos y reasignación de pines de strapping. | G23: Backlog | H23: Pendiente
A24: M5 | B24: Medio | C24: Heredado V4 (parcial) | D24: Cliente | E24: Siguen los except: pass. stop_camera suelta el hilo tras wait(500) aunque siga corriendo, con riesgo de cierre inesperado. | F24: Registrar excepciones; esperar la salida del hilo antes de liberarlo. | G24: Backlog | H24: Pendiente
A25: M7 | B25: Medio | C25: Heredado V4 (parcial) | D25: Modelo de ejes | E25: Lazo abierto, sin realimentación ni detección de pérdida de pasos (el backlash ya está compensado). | F25: Encoder o detección de stall en los ejes críticos. | G25: Backlog | H25: Pendiente
A26: M8 | B26: Medio | C26: Heredado V4 (parcial) | D26: Mantenibilidad | E26: Monolitos sin tests. La versión de firmware ya es visible (GET_VERSION / $I). | F26: Modularizar y agregar tests. | G26: 7 | H26: Pendiente

Sheet Evolución V4-V5
A1: Evolución de los 29 defectos de V4 en V5
A2: Estado verificado contra el diff de firmware (V4→V5) y de cliente (V3→V5).
A4: ID V4 | B4: Defecto V4 | C4: Estado en V5 | D4: Detalle | E4: Relacionado en V5
A5: C2 | B5: E-stop solo software | C5: Parcial | D5: Pin físico con ISR y ACK con reintento en el cliente, pero con polaridad invertida. | E5: N20, C2r
A6: C5 | B6: TCP sin autenticación | C6: Parcial | D6: Token por sesión opcional, desactivado por defecto. | E6: C5
A7: N12 | B7: Salir de ALARM reanuda cola obsoleta | C7: Abierto | D7: $X y enable_actuators no vacían la cola ni las solicitudes pendientes. | E7: N12
A8: N13 | B8: G10/G92/set_zero no sincronizados con la cola | C8: Abierto | D8: Siguen usando la posición en vivo. | E8: N13
A9: C1r | B9: Soft limits solo con homed | C9: Resuelto | D9: Los límites aplican siempre y los ejes sin referenciar devuelven Not homed. | E9: -
A10: A5 | B10: Sin aceleración real ni look-ahead | C10: Parcial | D10: Hay look-ahead y velocidades de unión; la rampa no usa la aceleración. | E10: A5
A11: A1r | B11: Carreras sobre la cola | C11: Parcial | D11: Extracción bajo mutex y stopEpoch; el resto del estado sigue compartido. | E11: A1r
A12: N3 | B12: Secuenciador sin esperar fin de movimiento | C12: Resuelto | D12: Espera Idle con cola vacía y dos lecturas seguidas; Pausa y Set Zero avanzan. | E12: -
A13: N4 | B13: Cuelgue ante FULL o error: | C13: Resuelto | D13: ACK correlacionado, reintento ante FULL y aborto con aviso. | E13: -
A14: N5 | B14: Jog GRBL inoperante | C14: Resuelto | D14: Jog incremental de 2 mm; 0x85 cancela solo jog. | E14: N26
A15: N6 | B15: Setters sin validar (home_axis, NVS, NaN) | C15: Parcial | D15: Todo acotado salvo NaN/Inf. | E15: N6
... A33: M8 | B33: Monolitos, sin tests ni versión | C33: Parcial | D33: Versión de firmware visible; sin tests. | E33: M8

Sheet Virtudes
A1: Virtudes identificadas - V5
A3: # | B3: Área | C3: Virtud | D3: Detalle
A4: 1 | B4: Movimiento | C4: Look-ahead real | D4: Velocidades de unión por ángulo, pasada hacia atrás con aceleración y límite de velocidad por eje.
A5: 2 | B5: Concurrencia | C5: Sincronización mucho más sólida | D5: stopEpoch invalida bloques en vuelo; popBlock, popAbsMove y popHomeRequest extraen bajo mutex; purga diferida si falla; tarea de motores con prioridad 5.
A6: 3 | B6: G-code | C6: Parser mucho más completo | D6: Comentarios, minúsculas, G4, G28, G2/G3 con pre-validación de límites, G10/G92 con offset de trabajo y $J sin espacios.
A7: 4 | B7: Protocolo | C7: Diagnóstico claro | D7: Códigos LIMIT, FULL, NOT_HOMED y REJECTED; versión por GET_VERSION y $I; profundidad de cola en la telemetría.
A8: 5 | B8: Robustez | C8: Parámetros acotados en todos los caminos | D8: Setters TCP, serial y carga desde NVS.
A9: 6 | B9: Seguridad | C9: E-stop físico y ACK | D9: ISR que corta ENABLE; en el cliente, E-stop con ACK y reintento.
A10: 7 | B10: Cliente | C10: Cliente más robusto | D10: Cámara en hilo propio, reconexión con backoff, parseo tolerante, secuenciador con watchdog y aborto con aviso.
A11: 8 | B11: Precisión | C11: Backlash y calibración | D11: Compensación de backlash por eje y umbral de 5% entre pasadas de calibración.
A12: 9 | B12: Herramientas | C12: Calibración asistida y medición por cámara | D12: No vienen de serie en GRBL, grblHAL, FluidNC ni Marlin.
A13: 10 | B13: Herramientas | C13: Cargador de G-code | D13: Control de flujo línea a línea con aborto ante error (con la salvedad de N22).

Sheet Comparación
A1: Comparación con otros sistemas
A2: Estimaciones del auditor basadas en conocimiento general, no mediciones. Puntajes de otros sistemas (azul) editables.
A4: Criterio | B4: V5 (este sistema) | C4: GRBL 1.1 | D4: grblHAL | E4: FluidNC | F4: Marlin | G4: LinuxCNC
A5: Hardware | B5: ESP32 | C5: ATmega328 | D5: Varios MCU | E5: ESP32 | F5: 8/32 bit | G5: PC en tiempo real
A6: Ejes | B6: 4 lineales | C6: 3 | D6: Hasta 6 | E6: Hasta 6 | F6: 3 + extrusores | G6: Hasta 9
A7: Look-ahead / aceleración | B7: Sí (incompleto) | C7: Sí | D7: Sí | E7: Sí | F7: Sí | G7: Sí
A8: G-code | B8: Parcial+ (arcos I/J, G4, G28) | C8: Sí | D8: Sí | E8: Sí | F8: Sí | G8: Completo
A9: Control de flujo ok | B9: No difiere (N22) | C9: Sí | D9: Sí | E9: Sí | F9: Sí | G9: n/a
A10: Red | B10: WiFi, token opcional | C10: No | D10: Opcional | E10: WiFi + web UI | F10: Opcional | G10: Ethernet / PC
A11: E-stop | B11: ISR a ENABLE (polaridad a corregir) | C11: Pines y alarmas | D11: Pines y alarmas | E11: Pines y alarmas | F11: Parcial | G11: Completa
A12: Backlash | B12: Sí | C12: No | D12: Opcional | E12: Opcional | F12: Sí | G12: Sí
A13: Visión y calibración asistida | B13: Sí | C13: No | D13: No | E13: No | F13: No | G13: No
A15: Puntaje global estimado (/10) | B15: =Scoring!F14 -> 6.325 | C15: 7 | D15: 8.3 | E15: 8 | F15: 7.5 | G15: 9
A16: Diferencia vs. V5 | C16: =C15-$B$15 -> 0.675 | D16: =D15-$B$15 -> 1.975 | E16: =E15-$B$15 -> 1.675 | F16: =F15-$B$15 -> 1.175 | G16: =G15-$B$15 -> 2.675
A17: Posición en el ranking (1 = mejor) | B17: =RANK(B15,$B$15:$G$15) -> 6 | C17: =RANK(C15,$B$15:$G$15) -> 5 | D17: =RANK(D15,$B$15:$G$15) -> 2 | E17: =RANK(E15,$B$15:$G$15) -> 3 | F17: =RANK(F15,$B$15:$G$15) -> 4 | G17: =RANK(G15,$B$15:$G$15) -> 1

Sheet Hoja de ruta
A1: Hoja de ruta sugerida (por prioridad)
A2: Totales y avance se calculan desde 'Defectos V5' (columna Paso hoja de ruta y Estado).
A4: Paso | B4: Acción | C4: Defectos relacionados | D4: Total | E4: Abiertos | F4: Avance
A5: 1 | B5: N19: dejar de usar manualStop en executeBlock y confiar solo en stopEpoch | C5: N19 | D5: =COUNTIF('Defectos V5'!$G$5:$G$26,A5) -> 1 | E5: =D5-COUNTIFS('Defectos V5'!$G$5:$G$26,A5,'Defectos V5'!$H$5:$H$26,"Resuelto")-COUNTIFS('Defectos V5'!$G$5:$G$26,A5,'Defectos V5'!$H$5:$H$26,"Descartado") -> 1 | F5: =IF(D5=0,0,(D5-E5)/D5) -> 0
A6: 2 | B6: N20: corregir la polaridad del E-stop (activo en HIGH con NC a GND, RISING) y revisar el cableado; evaluar corte de potencia | C6: N20, C2r | D6: =COUNTIF('Defectos V5'!$G$5:$G$26,A6) -> 2 | E6: =D6-COUNTIFS('Defectos V5'!$G$5:$G$26,A6,'Defectos V5'!$H$5:$H$26,"Resuelto")-COUNTIFS('Defectos V5'!$G$5:$G$26,A6,'Defectos V5'!$H$5:$H$26,"Descartado") -> 2 | F6: =IF(D6=0,0,(D6-E6)/D6) -> 0
A7: 3 | B7: N21 y N22: heartbeat en modo compacto; diferir el ok hasta que haya hueco en la cola o reintentar ante Queue full | C7: N21, N22 | D7: =COUNTIF('Defectos V5'!$G$5:$G$26,A7) -> 2 | E7: =D7-COUNTIFS('Defectos V5'!$G$5:$G$26,A7,'Defectos V5'!$H$5:$H$26,"Resuelto")-COUNTIFS('Defectos V5'!$G$5:$G$26,A7,'Defectos V5'!$H$5:$H$26,"Descartado") -> 2 | F7: =IF(D7=0,0,(D7-E7)/D7) -> 0
A8: 4 | B8: N12 y N13: vaciar cola y solicitudes pendientes al salir de ALARM; definir wco contra plannedPos | C8: N12, N13 | D8: =COUNTIF('Defectos V5'!$G$5:$G$26,A8) -> 2 | E8: =D8-COUNTIFS('Defectos V5'!$G$5:$G$26,A8,'Defectos V5'!$H$5:$H$26,"Resuelto")-COUNTIFS('Defectos V5'!$G$5:$G$26,A8,'Defectos V5'!$H$5:$H$26,"Descartado") -> 2 | F8: =IF(D8=0,0,(D8-E8)/D8) -> 0
A9: 5 | B9: Validar NaN/Inf, wco en $J absoluto y wco en la telemetría compacta | C9: N6, N14, N16 | D9: =COUNTIF('Defectos V5'!$G$5:$G$26,A9) -> 3 | E9: =D9-COUNTIFS('Defectos V5'!$G$5:$G$26,A9,'Defectos V5'!$H$5:$H$26,"Resuelto")-COUNTIFS('Defectos V5'!$G$5:$G$26,A9,'Defectos V5'!$H$5:$H$26,"Descartado") -> 3 | F9: =IF(D9=0,0,(D9-E9)/D9) -> 0
A10: 6 | B10: Aplicar la aceleración real a la rampa y completar las pasadas del look-ahead | C10: A5, A1r | D10: =COUNTIF('Defectos V5'!$G$5:$G$26,A10) -> 2 | E10: =D10-COUNTIFS('Defectos V5'!$G$5:$G$26,A10,'Defectos V5'!$H$5:$H$26,"Resuelto")-COUNTIFS('Defectos V5'!$G$5:$G$26,A10,'Defectos V5'!$H$5:$H$26,"Descartado") -> 2 | F10: =IF(D10=0,0,(D10-E10)/D10) -> 0
A11: 7 | B11: Autenticación obligatoria, arcos no bloqueantes, tests y modularización | C11: C5, N25, M8 | D11: =COUNTIF('Defectos V5'!$G$5:$G$26,A11) -> 3 | E11: =D11-COUNTIFS('Defectos V5'!$G$5:$G$26,A11,'Defectos V5'!$H$5:$H$26,"Resuelto")-COUNTIFS('Defectos V5'!$G$5:$G$26,A11,'Defectos V5'!$H$5:$H$26,"Descartado") -> 3 | F11: =IF(D11=0,0,(D11-E11)/D11) -> 0
B12: Backlog (sin paso asignado) | D12: =COUNTIF('Defectos V5'!$G$5:$G$26,"Backlog") -> 7
